id,first_name,last_name,email,gender,ip_address
1,Vale,Axe,vaxe0@squidoo.com,Male,127.173.109.230
2,Ella,Orford,eorford1@studiopress.com,,255.122.3.203
3,Rayner,,rbruinsma2@bbb.org,Male,168.81.126.56
4,Bronson,Clixby,bclixby3@ehow.com,Male,42.211.9.74
5,Kiley,Fonteyne,kfonteyne4@reuters.com,Female,193.81.255.130
6,Emilia,Stennett,estennett5@mayoclinic.com,Female,227.97.44.77
7,Carlin,Emby,cemby6@sakura.ne.jp,Male,217.24.120.169
8,Archie,Gwillyam,agwillyam7@sohu.com,,226.47.221.98
9,Lane,Pappi,lpappi8@usda.gov,Female,251.99.3.206
10,Penelopa,Sarath,psarath9@netvibes.com,Female,235.84.74.161
11,Derward,Murrill,dmurrilla@oracle.com,Male,207.51.178.240
12,Bettye,Conigsby,bconigsbyb@hhs.gov,,107.143.254.243
13,Willi,Hayball,whayballc@whitehouse.gov,Female,187.194.130.78
14,Renard,Guion,rguiond@moonfruit.com,Male,109.65.108.123
15,Kirstyn,,kwinfindinee@e-recht24.de,Female,231.25.119.30
16,,Hinners,rhinnersf@dot.gov,Male,155.173.193.217
17,Hamil,Housden,@amazon.co.jp,Male,254.57.74.86
18,Bartolemo,Raulston,braulstonh@amazon.co.uk,Male,51.227.218.146
19,Sarine,Shave,sshavei@theguardian.com,Female,206.237.187.183
20,Audry,Gonsalvo,agonsalvoj@addtoany.com,Female,51.253.1.231